{"count":1,"self":1.4751496,"total":1.6370031999999999,"children":{"AgentResetIfDone":{"count":38,"self":0,"total":0,"children":null},"AgentSendState":{"count":38,"self":0.0009989,"total":0.0029969,"children":{"CollectObservations":{"count":100,"self":0.0019979999999999998,"total":0.0019979999999999998,"children":null}}},"DecideAction":{"count":38,"self":0.13287649999999998,"total":0.1518613,"children":{"RayPerceptionSensor.Perceive":{"count":100,"self":0.0189848,"total":0.0189848,"children":null}}},"AcademyStep":{"count":38,"self":0,"total":0,"children":null},"AgentAct":{"count":38,"self":0.0039978999999999995,"total":0.0039978999999999995,"children":null}}}