{"count":1,"self":1118.6259968,"total":1155.4996531,"children":{"AgentResetIfDone":{"count":12456,"self":0.6701653,"total":0.6701653,"children":null},"AgentSendState":{"count":12456,"self":1.3328771,"total":1.7872489999999999,"children":{"CollectObservations":{"count":31140,"self":0.4543719,"total":0.4543719,"children":null}}},"DecideAction":{"count":12456,"self":26.436591999999997,"total":31.8743451,"children":{"RayPerceptionSensor.Perceive":{"count":31140,"self":5.4377524,"total":5.4377524,"children":null}}},"AcademyStep":{"count":12456,"self":0.0628625,"total":0.0628625,"children":null},"AgentAct":{"count":12456,"self":2.4770163999999997,"total":2.4770163999999997,"children":null}}}